{"Moscow Zoo": {"castle": 0.3672778308391571}, "Grand Kremlin Palace": {"palace": 0.6932395100593567}, "Moscow City Hall building": {"palace": 0.697295606136322}, "St. Basil's Cathedral": {"church": 0.42407652735710144}, "Library them. Lenin": {"palace": 0.5665244460105896}, "MIREA": {"prison": 0.8933374881744385}, "The Tsar Bell": {"monastery": 0.1902274787425995}, "House of the Government of the Russian Federation": {"picket_fence": 0.6649532318115234}, "Patriarch's Palace": {"palace": 0.3525240421295166}, "Resurrection Gate and Iverskaya Chapel": {"church": 0.2730472981929779}, "Tsar Cannon": {"fountain": 0.519973635673523}, "Monument to Minin and Pozharsky": {"church": 0.8310427069664001}, "GUM": {"church": 0.598456084728241}, "Spasskaya Tower": {"monastery": 0.3208122253417969}, "Foreign Ministry building": {"bell_cote": 0.2896498441696167}, "Lobnoye mesto": {"stupa": 0.2429952472448349}, "Pashkov House": {"palace": 0.8096410036087036}, "Cathedral of the Archangel": {"church": 0.514461100101471}, "State Historical Museum": {"castle": 0.411769837141037}, "Dormition Cathedral": {"church": 0.5675194263458252}, "House of provincial government": {"palace": 0.6539832949638367}, "Kazan Cathedral": {"monastery": 0.4637947678565979}, "The building of the former Moscow City Duma": {"palace": 0.9644302129745483}, "oruzheynaya palata": {"palace": 0.9603129029273987}, "Tretyakov Gallery": {"church": 0.36848750710487366}, "Ivan the Great Bell Tower Ensemble": {"church": 0.4791794717311859}, "Grand Theatre": {"palace": 0.9908745288848877}, "Blagoveshchensky cathedral": {"mosque": 0.6782011985778809}, "Zero kilometer": {"maze": 0.3926413953304291}, "Mausoleum of Lenin": {"palace": 0.5107309222221375}}